model,prompt_strategy,chart_design,precision_0_5,recall_0_5,mean_iou_0_5,precision_0_75,recall_0_75,mean_iou_0_75
gemini-2.5-flash,few_shot,16_9,0.26628540305010895,0.2738562091503268,0.2875838142399694,0.20588235294117646,0.2065359477124183,0.21385150753399906
gemini-2.5-flash,few_shot,21_9,0.2234930118425264,0.23786407766990292,0.23062543730133944,0.14563106796116504,0.14563106796116504,0.14563106796116504
gemini-2.5-flash,few_shot,3_4,0.28954545454545455,0.2910606060606061,0.30857759239998733,0.1893939393939394,0.1903030303030303,0.20170891853896053
gemini-2.5-flash,few_shot,4_3,0.30500440917107585,0.31712962962962965,0.32374322823720214,0.19907407407407407,0.19969135802469135,0.2047519721550706
gemini-2.5-flash,few_shot,9_16,0.3005511463844797,0.3026234567901234,0.3094641930527157,0.16358024691358025,0.16481481481481483,0.18492281896832546
gemini-2.5-flash,few_shot,colors,0.27342767295597487,0.27814465408805034,0.3329873076587353,0.1971698113207547,0.1971698113207547,0.21776453588368758
gemini-2.5-flash,few_shot,dark,0.27039835164835163,0.27131410256410254,0.2835954400495841,0.16987179487179488,0.16987179487179488,0.17788095285113042
gemini-2.5-flash,few_shot,default,0.318140589569161,0.32031746031746033,0.3388819735201578,0.20952380952380953,0.21047619047619048,0.2218769810502491
gemini-2.5-flash,few_shot,full_opacity,0.3260517799352751,0.32734627831715213,0.35101322087076486,0.21553398058252426,0.21650485436893205,0.2333286114302268
gemini-2.5-flash,few_shot,half_opacity,0.3065151515151515,0.30803030303030304,0.33007547905047735,0.2018181818181818,0.20303030303030303,0.22677746216456093
gemini-2.5-flash,few_shot,half_point_size,0.27816387816387816,0.28033033033033034,0.31432219494033503,0.2051051051051051,0.20600600600600602,0.23187820349369678
gemini-2.5-flash,few_shot,points_only,0.24374435411020776,0.2450617283950617,0.2724715142890259,0.13271604938271606,0.13271604938271606,0.1368960467753587
gemini-2.5-flash,few_shot,random_colors,0.2540564373897707,0.25493827160493826,0.2854019141307584,0.1530864197530864,0.1530864197530864,0.1708528995513916
gemini-2.5-flash,few_shot,x2_point_size,0.32168284789644014,0.32864077669902914,0.3480930324511235,0.21197411003236244,0.21326860841423947,0.22680776539743913
gemini-2.5-flash,few_shot,yaxis_only,0.29698558322411533,0.2975535168195718,0.3211933355721494,0.18990825688073393,0.18990825688073393,0.1961931121458701
gemini-2.5-flash,one_shot,16_9,0.12103658536585367,0.1290650406504065,0.14645656240664848,0.05203252032520325,0.05447154471544716,0.08583684247441409
gemini-2.5-flash,one_shot,21_9,0.05822510822510823,0.06861471861471861,0.07087086121757309,0.028138528138528143,0.028138528138528143,0.03633225351184994
gemini-2.5-flash,one_shot,3_4,0.11511627906976744,0.1253875968992248,0.15345378895831663,0.060852713178294576,0.06201550387596899,0.09319482050662817
gemini-2.5-flash,one_shot,4_3,0.12715355805243445,0.13202247191011235,0.14355492792772442,0.04868913857677902,0.04943820224719102,0.05276272995641615
gemini-2.5-flash,one_shot,9_16,0.14357398873527907,0.14551971326164875,0.1726593685513329,0.06282642089093703,0.06415770609318996,0.086905636667778
gemini-2.5-flash,one_shot,colors,0.13879336349924587,0.1631372549019608,0.2004176772108265,0.07254901960784314,0.07294117647058823,0.07939648254244934
gemini-2.5-flash,one_shot,dark,0.1260551948051948,0.1403409090909091,0.16633432623789166,0.053030303030303025,0.05454545454545454,0.06510591461802974
gemini-2.5-flash,one_shot,default,0.1370028011204482,0.16392156862745097,0.20953146587399876,0.06050420168067226,0.06235294117647058,0.0850862910934523
gemini-2.5-flash,one_shot,full_opacity,0.18681257014590347,0.19835390946502057,0.23325865645222213,0.07654320987654321,0.07777777777777778,0.10233713140703522
gemini-2.5-flash,one_shot,half_opacity,0.13298395445134575,0.13985507246376813,0.16499595954150392,0.06557971014492754,0.06666666666666667,0.08178929423076518
gemini-2.5-flash,one_shot,half_point_size,0.09031007751937985,0.09379844961240309,0.1314642923169358,0.03953488372093023,0.040697674418604654,0.07019153433714725
gemini-2.5-flash,one_shot,points_only,0.1225177304964539,0.14290780141843973,0.17953207534044346,0.02482269503546099,0.02482269503546099,0.02962555022949868
gemini-2.5-flash,one_shot,random_colors,0.11269841269841269,0.12942386831275718,0.16425303912457126,0.03292181069958847,0.0345679012345679,0.044594746558263954
gemini-2.5-flash,one_shot,x2_point_size,0.11167290886392009,0.12191011235955056,0.14480502741613638,0.048064918851435705,0.05355805243445693,0.062361241503154745
gemini-2.5-flash,one_shot,yaxis_only,0.11333333333333333,0.11568627450980393,0.15378484433772519,0.03333333333333333,0.03333333333333333,0.043294960611006794
gemini-2.5-flash,zero_shot,16_9,0.2940860215053764,0.35591397849462364,0.3186345907949632,0.11935483870967742,0.13548387096774195,0.14729585762946837
gemini-2.5-flash,zero_shot,21_9,0.2727272727272727,0.2727272727272727,0.23860705711624838,0.18181818181818182,0.18181818181818182,0.18181818181818182
gemini-2.5-flash,zero_shot,3_4,0.19268612046389824,0.22921810699588477,0.22916044705689198,0.07448559670781893,0.07448559670781893,0.09145839052435792
gemini-2.5-flash,zero_shot,4_3,0.24746031746031746,0.2895238095238095,0.28343347850300016,0.08571428571428572,0.08571428571428572,0.08571428571428572
gemini-2.5-flash,zero_shot,9_16,0.16243013637379833,0.2056338028169014,0.23544487343147885,0.039671361502347416,0.039436619718309855,0.07355992139225274
gemini-2.5-flash,zero_shot,colors,0.22379032258064516,0.2991935483870968,0.2876748844820966,0.1075268817204301,0.11827956989247311,0.12231581634090792
gemini-2.5-flash,zero_shot,dark,0.3,0.31143790849673203,0.3304750200580148,0.16078431372549018,0.16078431372549018,0.16784992054396985
gemini-2.5-flash,zero_shot,default,0.24375457875457873,0.2705128205128205,0.23179164849794828,0.08397435897435897,0.09538461538461539,0.097649596287654
gemini-2.5-flash,zero_shot,full_opacity,0.22107279693486592,0.23735632183908045,0.2689249551501767,0.12413793103448276,0.12413793103448276,0.1353640597442101
gemini-2.5-flash,zero_shot,half_opacity,0.21267605633802816,0.2295774647887324,0.20686676370705798,0.10140845070422536,0.10140845070422536,0.10656604296724562
gemini-2.5-flash,zero_shot,half_point_size,0.23512880562060892,0.2360655737704918,0.24898648286452058,0.10710382513661201,0.10710382513661201,0.12108473162182042
gemini-2.5-flash,zero_shot,points_only,0.0,0.0,0.0,0.0,0.0,0.0
gemini-2.5-flash,zero_shot,random_colors,0.2015182884748102,0.24806763285024155,0.22366643643033676,0.06245686680469289,0.06280193236714976,0.08003625489663387
gemini-2.5-flash,zero_shot,x2_point_size,0.1961864406779661,0.21412429378531073,0.20265578146034716,0.03389830508474576,0.03389830508474576,0.03389830508474576
gemini-2.5-flash-lite,few_shot,16_9,0.2901758901758902,0.2927927927927928,0.31028124528962214,0.20225225225225224,0.20285285285285284,0.21939674597065728
gemini-2.5-flash-lite,few_shot,21_9,0.20520833333333335,0.20491071428571428,0.20237540347235544,0.15401785714285715,0.15401785714285715,0.15664831868239812
gemini-2.5-flash-lite,few_shot,3_4,0.3029051987767584,0.30948012232415906,0.3101662656673962,0.21666666666666667,0.21788990825688073,0.2249297600820524
gemini-2.5-flash-lite,few_shot,4_3,0.30412844036697245,0.3081039755351682,0.30937300850309724,0.19984709480122323,0.2004587155963303,0.21100182097621648
gemini-2.5-flash-lite,few_shot,9_16,0.3012121212121212,0.3106060606060606,0.2910716380133773,0.19333333333333333,0.19333333333333333,0.19436460805661748
gemini-2.5-flash-lite,few_shot,colors,0.24663734115347016,0.2643939393939394,0.2758826267990199,0.2,0.20681818181818182,0.2113793224999399
gemini-2.5-flash-lite,few_shot,dark,0.2824404761904762,0.28348214285714285,0.27003225779959134,0.20535714285714285,0.20476190476190476,0.20749841921386264
gemini-2.5-flash-lite,few_shot,default,0.29454277286135694,0.29911504424778756,0.2891816772454608,0.19837758112094397,0.1995575221238938,0.21316455810119267
gemini-2.5-flash-lite,few_shot,full_opacity,0.2882440476190476,0.2992559523809524,0.30667269194409963,0.20014880952380953,0.20133928571428572,0.2132959213285219
gemini-2.5-flash-lite,few_shot,half_opacity,0.2911504424778761,0.293952802359882,0.28905790714563523,0.19837758112094397,0.1995575221238938,0.21261808214637734
gemini-2.5-flash-lite,few_shot,half_point_size,0.2949404761904762,0.2995535714285714,0.304066505327466,0.20907738095238096,0.21026785714285715,0.22168313144218352
gemini-2.5-flash-lite,few_shot,points_only,0.2756521739130435,0.2743478260869565,0.2672732202903084,0.1391304347826087,0.1391304347826087,0.13652916576551355
gemini-2.5-flash-lite,few_shot,random_colors,0.20185021194195507,0.2096330275229358,0.23637484036818923,0.1384087232711086,0.14021406727828747,0.16449937470462345
gemini-2.5-flash-lite,few_shot,x2_point_size,0.28933933933933936,0.2948948948948949,0.2921826655979271,0.20195195195195195,0.20315315315315316,0.21657935975192188
gemini-2.5-flash-lite,few_shot,yaxis_only,0.28776758409785935,0.2886850152905199,0.29018711993635976,0.1720183486238532,0.1720183486238532,0.18399847866198338
gemini-2.5-flash-lite,one_shot,16_9,0.11388888888888889,0.12385620915032679,0.13402407262839522,0.02777777777777778,0.028431372549019607,0.038698846997778404
gemini-2.5-flash-lite,one_shot,21_9,0.07755102040816327,0.08047619047619047,0.10696844676184276,0.005555555555555555,0.006349206349206349,0.022604258287520634
gemini-2.5-flash-lite,one_shot,3_4,0.12445887445887445,0.13872053872053872,0.11437707000509256,0.02946127946127946,0.03838383838383838,0.04301004247231917
gemini-2.5-flash-lite,one_shot,4_3,0.11764705882352941,0.13088235294117648,0.11303407674521403,0.02124183006535948,0.021568627450980395,0.026245921168451997
gemini-2.5-flash-lite,one_shot,9_16,0.10615079365079365,0.1125,0.09732358028284377,0.010416666666666666,0.011111111111111112,0.016797148156911135
gemini-2.5-flash-lite,one_shot,colors,0.09656357388316152,0.12714776632302405,0.128868009216597,0.02577319587628866,0.03161512027491409,0.042744004029998256
gemini-2.5-flash-lite,one_shot,dark,0.10144230769230769,0.1049679487179487,0.1066496938180465,0.017628205128205128,0.018910256410256412,0.03223943261381908
gemini-2.5-flash-lite,one_shot,default,0.1134020618556701,0.12594501718213058,0.12339744314909801,0.03178694158075601,0.04089347079037801,0.0505550805850537
gemini-2.5-flash-lite,one_shot,full_opacity,0.14030612244897958,0.16241496598639454,0.15670783441691172,0.04489795918367347,0.05408163265306122,0.07395073035541846
gemini-2.5-flash-lite,one_shot,half_opacity,0.1413265306122449,0.16326530612244897,0.14535246470144816,0.0641156462585034,0.07312925170068027,0.08629162224377093
gemini-2.5-flash-lite,one_shot,half_point_size,0.10331369661266569,0.12577319587628866,0.12072806848897967,0.020103092783505153,0.028865979381443297,0.03475955343738045
gemini-2.5-flash-lite,one_shot,points_only,0.12855987055016183,0.13737864077669903,0.11069811981858559,0.009708737864077669,0.009708737864077669,0.007674319072834496
gemini-2.5-flash-lite,one_shot,random_colors,0.10818452380952381,0.10354166666666667,0.11119631957262754,0.02291666666666667,0.025,0.04154757646222909
gemini-2.5-flash-lite,one_shot,x2_point_size,0.10421052631578948,0.11789473684210526,0.11923487108004721,0.028421052631578948,0.0375438596491228,0.045635130949187704
gemini-2.5-flash-lite,one_shot,yaxis_only,0.1076661433804291,0.11666666666666667,0.12074932881764003,0.01098901098901099,0.01098901098901099,0.01841256339034755
gemini-2.5-flash-lite,zero_shot,16_9,0.20561224489795918,0.24319727891156462,0.2347849398648658,0.05816326530612245,0.07380952380952381,0.0884863272005198
gemini-2.5-flash-lite,zero_shot,21_9,0.21022012578616353,0.24528301886792453,0.2377757877111435,0.059748427672955975,0.059748427672955975,0.06464560245567898
gemini-2.5-flash-lite,zero_shot,3_4,0.18952741702741704,0.26621212121212123,0.26370847198096187,0.06427849927849928,0.09833333333333333,0.10966987718235363
gemini-2.5-flash-lite,zero_shot,4_3,0.18606913919413917,0.23477564102564102,0.20687507341305414,0.03926282051282051,0.057692307692307696,0.05707636876748158
gemini-2.5-flash-lite,zero_shot,9_16,0.18989393265094198,0.24221183800623053,0.22969641223132053,0.04610591900311527,0.059190031152647975,0.05996482728797699
gemini-2.5-flash-lite,zero_shot,colors,0.18616352201257863,0.24323899371069185,0.23195061612429108,0.06792452830188679,0.06918238993710692,0.08463048203936163
gemini-2.5-flash-lite,zero_shot,dark,0.18955575169167402,0.2370550161812298,0.2130404968284866,0.04158576051779935,0.06310679611650485,0.058212920300011496
gemini-2.5-flash-lite,zero_shot,default,0.1900943396226415,0.210062893081761,0.19950366357587418,0.06446540880503145,0.0639937106918239,0.07463530999309612
gemini-2.5-flash-lite,zero_shot,full_opacity,0.22775229357798166,0.2555045871559633,0.26568769260284003,0.08027522935779817,0.07951070336391437,0.0862932932486228
gemini-2.5-flash-lite,zero_shot,half_opacity,0.20729166666666665,0.21830357142857143,0.21908022472191427,0.0625,0.0625,0.06046576318996293
gemini-2.5-flash-lite,zero_shot,half_point_size,0.19294294294294295,0.20765765765765767,0.2057286793584222,0.07357357357357357,0.07357357357357357,0.07752183697245142
gemini-2.5-flash-lite,zero_shot,points_only,0.18908333333333333,0.23566666666666666,0.21587733834981918,0.04041666666666666,0.06166666666666666,0.05591060101985931
gemini-2.5-flash-lite,zero_shot,random_colors,0.18245324532453244,0.21914191419141912,0.2193948765202324,0.024752475247524754,0.024752475247524754,0.033526211681932504
gemini-2.5-flash-lite,zero_shot,x2_point_size,0.16970404984423673,0.2010903426791277,0.18371460064549314,0.04579439252336449,0.045482866043613714,0.05854211510898911
gemini-2.5-flash-lite,zero_shot,yaxis_only,0.15726343750351549,0.22228915662650603,0.20521970972957382,0.009036144578313253,0.009036144578313253,0.030138962958232467
gemini-2.5-flash-lite-reasoning,few_shot,16_9,0.4028333333333333,0.4193333333333333,0.4043912154436111,0.195,0.19333333333333333,0.19568621575832368
gemini-2.5-flash-lite-reasoning,few_shot,21_9,0.36573392243495334,0.37628865979381443,0.33054382807200716,0.16494845360824742,0.16494845360824742,0.15495677276984932
gemini-2.5-flash-lite-reasoning,few_shot,3_4,0.46049999999999996,0.48733333333333334,0.4240925952792168,0.155,0.155,0.14834294438362122
gemini-2.5-flash-lite-reasoning,few_shot,4_3,0.4526143790849673,0.46568627450980393,0.4110274884630652,0.16339869281045752,0.16830065359477125,0.1738160860304739
gemini-2.5-flash-lite-reasoning,few_shot,9_16,0.46617647058823525,0.5026143790849673,0.4334866242860657,0.1715686274509804,0.18627450980392157,0.18733270787725262
gemini-2.5-flash-lite-reasoning,few_shot,colors,0.5206043956043956,0.5641025641025641,0.4976184660698468,0.19395604395604393,0.21227106227106227,0.22272518833914956
gemini-2.5-flash-lite-reasoning,few_shot,dark,0.43691756272401433,0.4412186379928315,0.4156146189431563,0.1478494623655914,0.1478494623655914,0.15986280543829806
gemini-2.5-flash-lite-reasoning,few_shot,default,0.4661716171617162,0.49075907590759077,0.4139776733940584,0.1419141914191419,0.1419141914191419,0.1396778432449492
gemini-2.5-flash-lite-reasoning,few_shot,full_opacity,0.49203944203944205,0.5303030303030303,0.43761402875285355,0.1893939393939394,0.19730639730639732,0.21373893636645694
gemini-2.5-flash-lite-reasoning,few_shot,half_opacity,0.40261437908496733,0.43954248366013077,0.33527607504838436,0.09803921568627451,0.09803921568627451,0.09486916310646955
gemini-2.5-flash-lite-reasoning,few_shot,half_point_size,0.44759523809523816,0.47350000000000003,0.39962152441342674,0.18166666666666667,0.18666666666666668,0.18045855879783632
gemini-2.5-flash-lite-reasoning,few_shot,points_only,0.2897260273972603,0.295662100456621,0.3039132262745949,0.1506849315068493,0.1506849315068493,0.1506849315068493
gemini-2.5-flash-lite-reasoning,few_shot,random_colors,0.4475655430711611,0.48745318352059924,0.42623531930009073,0.18726591760299627,0.20599250936329586,0.19302593322282427
gemini-2.5-flash-lite-reasoning,few_shot,x2_point_size,0.4230902777777778,0.4661458333333333,0.412784319008804,0.171875,0.171875,0.16329264144102731
gemini-2.5-flash-lite-reasoning,few_shot,yaxis_only,0.2640449438202247,0.300936329588015,0.26593083567387155,0.12078651685393259,0.1348314606741573,0.12672216838665223
gemini-2.5-flash-lite-reasoning,one_shot,16_9,0.30092592592592593,0.40902777777777777,0.34492102279155346,0.1284722222222222,0.1597222222222222,0.14960766749249566
gemini-2.5-flash-lite-reasoning,one_shot,21_9,0.30121951219512194,0.36483739837398377,0.3090379753006183,0.08536585365853659,0.0975609756097561,0.09038584770225896
gemini-2.5-flash-lite-reasoning,one_shot,3_4,0.40964912280701754,0.5085526315789474,0.4206632133900074,0.14144736842105263,0.15263157894736842,0.162528227034368
gemini-2.5-flash-lite-reasoning,one_shot,4_3,0.35512820512820514,0.4508547008547008,0.40410806493371976,0.1762820512820513,0.1987179487179487,0.20311810521997958
gemini-2.5-flash-lite-reasoning,one_shot,9_16,0.39137254901960783,0.5284313725490196,0.4079423602889566,0.1396078431372549,0.1768627450980392,0.17936334820354685
gemini-2.5-flash-lite-reasoning,one_shot,colors,0.37405372405372406,0.5835470085470086,0.4581848987911501,0.11752136752136752,0.1794871794871795,0.16413314525897688
gemini-2.5-flash-lite-reasoning,one_shot,dark,0.35185185185185186,0.43842592592592594,0.39867582441204125,0.12384259259259259,0.13472222222222222,0.16171924687094158
gemini-2.5-flash-lite-reasoning,one_shot,default,0.33638996138996136,0.4560810810810811,0.38810218326948787,0.12918275418275418,0.18378378378378377,0.18683490774652978
gemini-2.5-flash-lite-reasoning,one_shot,full_opacity,0.4154929577464789,0.5788732394366197,0.47460148731867474,0.13145539906103287,0.14976525821596243,0.1740667355452345
gemini-2.5-flash-lite-reasoning,one_shot,half_opacity,0.323293172690763,0.44919678714859435,0.3649529233036271,0.09939759036144578,0.12048192771084337,0.1224573965532234
gemini-2.5-flash-lite-reasoning,one_shot,half_point_size,0.3098840852130326,0.45614035087719296,0.3828866914437528,0.1105263157894737,0.1236842105263158,0.13197695307041468
gemini-2.5-flash-lite-reasoning,one_shot,points_only,0.23534136546184736,0.2785140562248996,0.27649222098919285,0.0963855421686747,0.0963855421686747,0.0963855421686747
gemini-2.5-flash-lite-reasoning,one_shot,random_colors,0.3736111111111111,0.4938888888888889,0.3967289681235949,0.08194444444444444,0.125,0.11614238321781159
gemini-2.5-flash-lite-reasoning,one_shot,x2_point_size,0.3738747553816047,0.5376712328767124,0.4351853133608762,0.12442922374429224,0.1449771689497717,0.17154834205157135
gemini-2.5-flash-lite-reasoning,one_shot,yaxis_only,0.29125683060109286,0.3650273224043716,0.3345429306147528,0.08196721311475409,0.08196721311475409,0.08196721311475409
gemini-2.5-flash-lite-reasoning,zero_shot,16_9,0.30254901960784314,0.3811764705882353,0.35957629143023023,0.09215686274509803,0.09117647058823529,0.11197066026575425
gemini-2.5-flash-lite-reasoning,zero_shot,21_9,0.2663929939792009,0.3245210727969349,0.26826365035155725,0.09770114942528736,0.09770114942528736,0.09489558551503324
gemini-2.5-flash-lite-reasoning,zero_shot,3_4,0.36761363636363636,0.4293560606060606,0.3469721458174966,0.16287878787878787,0.17992424242424243,0.1709640540859916
gemini-2.5-flash-lite-reasoning,zero_shot,4_3,0.3207843137254902,0.40352941176470586,0.3696976440794328,0.08627450980392157,0.10980392156862746,0.11650332142325008
gemini-2.5-flash-lite-reasoning,zero_shot,9_16,0.40195767195767196,0.48833333333333334,0.373624759470975,0.1,0.12777777777777777,0.11607852975527445
gemini-2.5-flash-lite-reasoning,zero_shot,colors,0.3612612612612613,0.4907657657657658,0.41544851761411977,0.13671171171171173,0.19189189189189187,0.19242882245295756
gemini-2.5-flash-lite-reasoning,zero_shot,dark,0.3160652920962199,0.3472508591065292,0.3352572237912732,0.0884020618556701,0.09914089347079039,0.11095942971632652
gemini-2.5-flash-lite-reasoning,zero_shot,default,0.36231060606060606,0.43579545454545454,0.3697050876463905,0.09090909090909091,0.10227272727272728,0.10173829170790585
gemini-2.5-flash-lite-reasoning,zero_shot,full_opacity,0.3772108843537415,0.4567765567765567,0.4000841171750219,0.10989010989010989,0.11538461538461539,0.11516670473329313
gemini-2.5-flash-lite-reasoning,zero_shot,half_opacity,0.3408239700374532,0.42509363295880154,0.3643797470835711,0.10393258426966293,0.10955056179775281,0.10901624366138758
gemini-2.5-flash-lite-reasoning,zero_shot,half_point_size,0.3807760141093474,0.48395061728395067,0.4063940742378863,0.09670781893004114,0.09711934156378602,0.10947300291355745
gemini-2.5-flash-lite-reasoning,zero_shot,points_only,0.25722222222222224,0.3142857142857143,0.3163238604863485,0.06380952380952382,0.07333333333333333,0.07299489237013318
gemini-2.5-flash-lite-reasoning,zero_shot,random_colors,0.35862708719851577,0.4554112554112554,0.408509245553574,0.08874458874458874,0.12121212121212122,0.11650222230267215
gemini-2.5-flash-lite-reasoning,zero_shot,x2_point_size,0.3807440476190476,0.46687500000000004,0.3830047705521186,0.1025,0.11499999999999999,0.12735395655035972
gemini-2.5-flash-lite-reasoning,zero_shot,yaxis_only,0.20191570881226054,0.23467432950191572,0.20636082963011732,0.03486590038314176,0.04252873563218391,0.049410987174373935
gpt-4.1-2025-04-14,few_shot,16_9,0.4544927536231884,0.4530434782608696,0.4166954438755478,0.19304347826086957,0.19304347826086957,0.19368903999743253
gpt-4.1-2025-04-14,few_shot,21_9,0.3433333333333333,0.3410144927536232,0.3250416460244552,0.16521739130434782,0.16521739130434782,0.16537738571996274
gpt-4.1-2025-04-14,few_shot,3_4,0.32942028985507243,0.3246376811594203,0.31710127315659453,0.1391304347826087,0.1391304347826087,0.14391134770020195
gpt-4.1-2025-04-14,few_shot,4_3,0.494927536231884,0.4930434782608696,0.44676270908203675,0.18724637681159417,0.18724637681159417,0.20101017537324326
gpt-4.1-2025-04-14,few_shot,9_16,0.25629399585921325,0.2544927536231884,0.2681719922501108,0.13416149068322983,0.13478260869565217,0.13763854348141213
gpt-4.1-2025-04-14,few_shot,colors,0.5044927536231884,0.5036231884057971,0.4434884934321694,0.2060869565217391,0.2060869565217391,0.22523806121038353
gpt-4.1-2025-04-14,few_shot,dark,0.40318840579710147,0.4011594202898551,0.38747212117996765,0.20434782608695654,0.20434782608695654,0.2138894554497539
gpt-4.1-2025-04-14,few_shot,default,0.4684057971014493,0.4653623188405797,0.44042787845583925,0.2060869565217391,0.20579710144927538,0.22191644976104513
gpt-4.1-2025-04-14,few_shot,full_opacity,0.46202898550724636,0.45869565217391306,0.4409870799900829,0.21913043478260869,0.21840579710144928,0.24984570966250655
gpt-4.1-2025-04-14,few_shot,half_opacity,0.4010144927536232,0.3981159420289855,0.3909249765285547,0.20434782608695654,0.20434782608695654,0.2138735546581987
gpt-4.1-2025-04-14,few_shot,half_point_size,0.4563768115942029,0.4514492753623188,0.4425832804216855,0.20434782608695654,0.20246376811594202,0.22694242013537366
gpt-4.1-2025-04-14,few_shot,points_only,0.6133333333333333,0.6113043478260869,0.5259238085021143,0.2,0.19956521739130434,0.21560697140900986
gpt-4.1-2025-04-14,few_shot,random_colors,0.40550724637681157,0.40420289855072467,0.4005253713200058,0.2082608695652174,0.2082608695652174,0.2185734532881474
gpt-4.1-2025-04-14,few_shot,x2_point_size,0.42318840579710143,0.42188405797101447,0.3799711795820706,0.21231884057971015,0.21231884057971015,0.2360878822596177
gpt-4.1-2025-04-14,few_shot,yaxis_only,0.37449275362318835,0.37376811594202897,0.3737209086832793,0.1510144927536232,0.1510144927536232,0.1581309914588928
gpt-4.1-2025-04-14,one_shot,16_9,0.3881578947368421,0.3858187134502924,0.32936847323214097,0.038011695906432746,0.038011695906432746,0.05274850286935505
gpt-4.1-2025-04-14,one_shot,21_9,0.31072463768115943,0.31028985507246376,0.2554338838743127,0.030434782608695653,0.030434782608695653,0.03756014108657837
gpt-4.1-2025-04-14,one_shot,3_4,0.28363363363363364,0.2807807807807808,0.28303572804004223,0.044294294294294295,0.044294294294294295,0.06337559008383536
gpt-4.1-2025-04-14,one_shot,4_3,0.36801801801801803,0.3663663663663663,0.2904164623748791,0.009009009009009009,0.009009009009009009,0.01479910945033168
gpt-4.1-2025-04-14,one_shot,9_16,0.24345238095238095,0.24910714285714283,0.21298426380824473,0.024553571428571428,0.024553571428571428,0.03726536567722048
gpt-4.1-2025-04-14,one_shot,colors,0.28095238095238095,0.30654761904761907,0.2590895855267133,0.05565476190476191,0.05535714285714286,0.09180684015154839
gpt-4.1-2025-04-14,one_shot,dark,0.26458333333333334,0.2632440476190476,0.23035963842024404,0.021130952380952382,0.021130952380952382,0.03609823052372251
gpt-4.1-2025-04-14,one_shot,default,0.32038690476190473,0.3162202380952381,0.28231434736933025,0.04196428571428572,0.041666666666666664,0.054976465446608405
gpt-4.1-2025-04-14,one_shot,full_opacity,0.3391369047619048,0.3334821428571429,0.29347045483688516,0.03973214285714286,0.039434523809523815,0.07462495104188012
gpt-4.1-2025-04-14,one_shot,half_opacity,0.30619469026548674,0.3026548672566372,0.2735076151062957,0.06666666666666667,0.06592920353982301,0.09746861911452977
gpt-4.1-2025-04-14,one_shot,half_point_size,0.3256060606060606,0.31893939393939397,0.300199125029824,0.06318181818181819,0.06166666666666667,0.09945862546111597
gpt-4.1-2025-04-14,one_shot,points_only,0.42901234567901236,0.43734567901234567,0.3701344190372361,0.05709876543209876,0.05709876543209876,0.06477648544090765
gpt-4.1-2025-04-14,one_shot,random_colors,0.3217717717717718,0.3256756756756757,0.2789830176142959,0.032432432432432434,0.03213213213213213,0.05371198451912797
gpt-4.1-2025-04-14,one_shot,x2_point_size,0.3426426426426426,0.3453453453453454,0.27916898400754897,0.030780780780780784,0.03033033033033033,0.04980024797422392
gpt-4.1-2025-04-14,one_shot,yaxis_only,0.18179012345679013,0.18132716049382716,0.18933696106628137,0.012654320987654321,0.012654320987654321,0.02439265560220789
gpt-4.1-2025-04-14,zero_shot,16_9,0.46969696969696967,0.5303030303030303,0.4581532722169703,0.18181818181818182,0.18181818181818182,0.18181818181818182
gpt-4.1-2025-04-14,zero_shot,21_9,0.12777777777777777,0.12777777777777777,0.14837094396352768,0.013888888888888888,0.013888888888888888,0.06420545776685078
gpt-4.1-2025-04-14,zero_shot,3_4,0.31481481481481477,0.31481481481481477,0.4229801595211029,0.05555555555555555,0.05555555555555555,0.08584691418541802
gpt-4.1-2025-04-14,zero_shot,4_3,0.3095238095238095,0.40476190476190477,0.40365650824138094,0.14285714285714285,0.14285714285714285,0.14285714285714285
gpt-4.1-2025-04-14,zero_shot,9_16,0.26,0.2671428571428571,0.29253280588558744,0.07142857142857142,0.07142857142857142,0.08271263156618391
gpt-4.1-2025-04-14,zero_shot,colors,0.2939024390243903,0.3182926829268293,0.33914916399048595,0.08739837398373983,0.08739837398373983,0.12231612641636919
gpt-4.1-2025-04-14,zero_shot,dark,0.41354166666666664,0.45416666666666666,0.45270652510225773,0.09375,0.09375,0.11814912408590317
gpt-4.1-2025-04-14,zero_shot,default,0.30431547619047616,0.30416666666666664,0.33366321586072445,0.09375,0.09375,0.11293183267116547
gpt-4.1-2025-04-14,zero_shot,full_opacity,0.40303030303030307,0.4348484848484848,0.4045095737233307,0.09090909090909091,0.09090909090909091,0.09090909090909091
gpt-4.1-2025-04-14,zero_shot,half_opacity,0.2652777777777778,0.2652777777777778,0.2631154643992583,0.041666666666666664,0.041666666666666664,0.041666666666666664
gpt-4.1-2025-04-14,zero_shot,half_point_size,0.31666666666666665,0.3645833333333333,0.3100878521800041,0.03125,0.03125,0.04779674485325813
gpt-4.1-2025-04-14,zero_shot,points_only,0.33642857142857147,0.38047619047619047,0.36624495096149895,0.02857142857142857,0.02857142857142857,0.033526134490966794
gpt-4.1-2025-04-14,zero_shot,random_colors,0.22777777777777777,0.22777777777777777,0.32391589714421165,0.0,0.0,0.0
gpt-4.1-2025-04-14,zero_shot,x2_point_size,0.2608695652173913,0.2608695652173913,0.30818796157836914,0.08695652173913043,0.08695652173913043,0.11507170614988907
gpt-4.1-2025-04-14,zero_shot,yaxis_only,0.18225806451612905,0.1913978494623656,0.21752057024227675,0.029569892473118278,0.029569892473118278,0.05225455088000144
gpt-4.1-mini-2025-04-14,few_shot,16_9,0.31999999999999995,0.3153623188405797,0.293792477172354,0.1573913043478261,0.1563768115942029,0.17125741295192554
gpt-4.1-mini-2025-04-14,few_shot,21_9,0.2326086956521739,0.23115942028985506,0.20730876041495283,0.11521739130434783,0.11521739130434783,0.1170593551967455
gpt-4.1-mini-2025-04-14,few_shot,3_4,0.37217391304347824,0.37043478260869567,0.3268459785416506,0.20652173913043478,0.20507246376811594,0.19674532216528187
gpt-4.1-mini-2025-04-14,few_shot,4_3,0.3450724637681159,0.3426086956521739,0.32411781022514125,0.1908695652173913,0.18971014492753624,0.19483460904895394
gpt-4.1-mini-2025-04-14,few_shot,9_16,0.32507246376811594,0.3233333333333333,0.31325549198233565,0.16521739130434782,0.16521739130434782,0.15771696412045022
gpt-4.1-mini-2025-04-14,few_shot,colors,0.3276811594202898,0.3276811594202898,0.3119475660548694,0.17347826086956522,0.17347826086956522,0.18081824675850247
gpt-4.1-mini-2025-04-14,few_shot,dark,0.3139130434782609,0.3126086956521739,0.29134732860585916,0.1908695652173913,0.1908695652173913,0.20350940313892088
gpt-4.1-mini-2025-04-14,few_shot,default,0.3355072463768116,0.33333333333333337,0.30881800802721493,0.1956521739130435,0.19434782608695653,0.19918493049732153
gpt-4.1-mini-2025-04-14,few_shot,full_opacity,0.31565217391304345,0.312463768115942,0.302513801144517,0.18478260869565216,0.18391304347826085,0.19117409025413404
gpt-4.1-mini-2025-04-14,few_shot,half_opacity,0.313768115942029,0.3114492753623188,0.29164880043354585,0.16521739130434782,0.16478260869565217,0.17365068646444792
gpt-4.1-mini-2025-04-14,few_shot,half_point_size,0.3356521739130435,0.33333333333333337,0.3111427558073099,0.18695652173913044,0.18565217391304348,0.19161614663359047
gpt-4.1-mini-2025-04-14,few_shot,points_only,0.413768115942029,0.40855072463768116,0.3719744550145191,0.1782608695652174,0.1782608695652174,0.16269864984180615
gpt-4.1-mini-2025-04-14,few_shot,random_colors,0.33115942028985507,0.32652173913043475,0.32548377720342164,0.1981159420289855,0.19434782608695653,0.21266086873800857
gpt-4.1-mini-2025-04-14,few_shot,x2_point_size,0.313768115942029,0.312463768115942,0.3147209973870844,0.18652173913043477,0.18565217391304348,0.19791982035706007
gpt-4.1-mini-2025-04-14,few_shot,yaxis_only,0.41608695652173916,0.4069565217391304,0.3772935761576114,0.21652173913043476,0.21550724637681157,0.224889024703399
gpt-4.1-mini-2025-04-14,one_shot,16_9,0.21391304347826087,0.21637681159420288,0.22573242291160253,0.058695652173913045,0.058260869565217394,0.06982695278914078
gpt-4.1-mini-2025-04-14,one_shot,21_9,0.1510144927536232,0.16333333333333333,0.15255072816558507,0.06594202898550725,0.06594202898550725,0.07088629629300988
gpt-4.1-mini-2025-04-14,one_shot,3_4,0.3355072463768116,0.3401449275362319,0.33554632197255674,0.09869565217391305,0.09739130434782609,0.10296277585236922
gpt-4.1-mini-2025-04-14,one_shot,4_3,0.34,0.3463768115942029,0.3310921937313633,0.11753623188405796,0.11710144927536233,0.12765966783399169
gpt-4.1-mini-2025-04-14,one_shot,9_16,0.29275362318840575,0.30028985507246375,0.27620359002680017,0.08188405797101449,0.08579710144927537,0.09353545178537784
gpt-4.1-mini-2025-04-14,one_shot,colors,0.26260869565217393,0.2669565217391304,0.2795653123354567,0.1255072463768116,0.1255072463768116,0.13829893409342006
gpt-4.1-mini-2025-04-14,one_shot,dark,0.3227536231884058,0.31956521739130433,0.3207347288943719,0.10043478260869566,0.09971014492753623,0.11795833110809326
gpt-4.1-mini-2025-04-14,one_shot,default,0.31724637681159423,0.3163768115942029,0.2978773839231851,0.13043478260869565,0.12869565217391304,0.1229582182739092
gpt-4.1-mini-2025-04-14,one_shot,full_opacity,0.30565217391304345,0.305072463768116,0.30775145950524707,0.12376811594202898,0.12115942028985507,0.128990646911704
gpt-4.1-mini-2025-04-14,one_shot,half_opacity,0.2989855072463768,0.3059420289855072,0.3064854519954626,0.13115942028985508,0.12985507246376812,0.12699804876161658
gpt-4.1-mini-2025-04-14,one_shot,half_point_size,0.32449275362318836,0.31971014492753624,0.3023323365311692,0.10463768115942029,0.10376811594202899,0.10855939189592996
gpt-4.1-mini-2025-04-14,one_shot,points_only,0.346231884057971,0.3473913043478261,0.33253760545150096,0.09130434782608696,0.09565217391304348,0.09640831118044646
gpt-4.1-mini-2025-04-14,one_shot,random_colors,0.2891304347826087,0.3,0.2746985750785772,0.11420289855072463,0.12289855072463768,0.13328148990437605
gpt-4.1-mini-2025-04-14,one_shot,x2_point_size,0.3108695652173913,0.3198550724637681,0.308277393432631,0.08840579710144927,0.08695652173913043,0.10015447689139324
gpt-4.1-mini-2025-04-14,one_shot,yaxis_only,0.328695652173913,0.3249275362318841,0.3051178689452185,0.09594202898550724,0.09594202898550724,0.11449191829432612
gpt-4.1-mini-2025-04-14,zero_shot,16_9,0.15884057971014492,0.15811594202898552,0.15373638039049894,0.022463768115942025,0.022463768115942025,0.030671676345493483
gpt-4.1-mini-2025-04-14,zero_shot,21_9,0.1771014492753623,0.17565217391304347,0.1416233505891717,0.034782608695652174,0.034782608695652174,0.029389334761578102
gpt-4.1-mini-2025-04-14,zero_shot,3_4,0.18753623188405796,0.18666666666666665,0.1660327408624732,0.020289855072463767,0.020289855072463767,0.022357739572939666
gpt-4.1-mini-2025-04-14,zero_shot,4_3,0.18231884057971012,0.1820289855072464,0.17605555852254232,0.03942028985507246,0.03942028985507246,0.04559869299764219
gpt-4.1-mini-2025-04-14,zero_shot,9_16,0.19942028985507246,0.19768115942028985,0.17162524245787356,0.04521739130434783,0.04521739130434783,0.04645829511725384
gpt-4.1-mini-2025-04-14,zero_shot,colors,0.2088405797101449,0.21753623188405796,0.22198945646700652,0.06405797101449276,0.06405797101449276,0.07159754037857055
gpt-4.1-mini-2025-04-14,zero_shot,dark,0.16652173913043478,0.1653623188405797,0.14911624037701152,0.043478260869565216,0.043478260869565216,0.04079078124917072
gpt-4.1-mini-2025-04-14,zero_shot,default,0.15956521739130436,0.15927536231884057,0.15734157648639405,0.043478260869565216,0.043478260869565216,0.03863348442575206
gpt-4.1-mini-2025-04-14,zero_shot,full_opacity,0.1820289855072464,0.1817391304347826,0.16552166679631108,0.06260869565217392,0.06260869565217392,0.05958259727643884
gpt-4.1-mini-2025-04-14,zero_shot,half_opacity,0.17144927536231883,0.17115942028985506,0.14681155681610109,0.036521739130434785,0.036521739130434785,0.04071408458378004
gpt-4.1-mini-2025-04-14,zero_shot,half_point_size,0.1573913043478261,0.15594202898550724,0.15019471049308777,0.043478260869565216,0.043478260869565216,0.04167235260424407
gpt-4.1-mini-2025-04-14,zero_shot,points_only,0.12811594202898552,0.14231884057971014,0.13495658454687698,0.0,0.0,0.0
gpt-4.1-mini-2025-04-14,zero_shot,random_colors,0.11159420289855072,0.11057971014492754,0.11120706347451695,0.017391304347826087,0.017391304347826087,0.014423451216324516
gpt-4.1-mini-2025-04-14,zero_shot,x2_point_size,0.13681159420289854,0.14304347826086955,0.12548952906028085,0.034782608695652174,0.034782608695652174,0.03024694608605426
gpt-4.1-mini-2025-04-14,zero_shot,yaxis_only,0.13768115942028986,0.13768115942028986,0.11328702491262685,0.03768115942028985,0.03768115942028985,0.0369246913039166
gpt-4.1-nano-2025-04-14,few_shot,16_9,0.14608695652173914,0.14449275362318842,0.1523973068465357,0.10434782608695652,0.10434782608695652,0.1021772104760875
gpt-4.1-nano-2025-04-14,few_shot,21_9,0.14202898550724638,0.13898550724637682,0.14514216184616088,0.10434782608695652,0.10434782608695652,0.10434782608695652
gpt-4.1-nano-2025-04-14,few_shot,3_4,0.13390427252830905,0.1355457227138643,0.140605073323292,0.09026548672566372,0.09026548672566372,0.09557194678129348
gpt-4.1-nano-2025-04-14,few_shot,4_3,0.12318840579710144,0.12202898550724638,0.13540499365848044,0.11304347826086956,0.11304347826086956,0.11102326901062676
gpt-4.1-nano-2025-04-14,few_shot,9_16,0.1289855072463768,0.13144927536231885,0.14700083888095358,0.10434782608695652,0.10434782608695652,0.10434782608695652
gpt-4.1-nano-2025-04-14,few_shot,colors,0.1572463768115942,0.1572463768115942,0.1505781598713087,0.12173913043478261,0.12173913043478261,0.12065217391304348
gpt-4.1-nano-2025-04-14,few_shot,dark,0.153768115942029,0.152463768115942,0.1611811840015909,0.10434782608695652,0.10434782608695652,0.10434782608695652
gpt-4.1-nano-2025-04-14,few_shot,default,0.15999999999999998,0.15811594202898552,0.17685705976209778,0.13260869565217392,0.13217391304347825,0.13619512768759243
gpt-4.1-nano-2025-04-14,few_shot,full_opacity,0.1492753623188406,0.14753623188405796,0.159321718889734,0.11304347826086956,0.11304347826086956,0.1125
gpt-4.1-nano-2025-04-14,few_shot,half_opacity,0.11652173913043479,0.11594202898550725,0.1290206095446711,0.10434782608695652,0.10434782608695652,0.10434782608695652
gpt-4.1-nano-2025-04-14,few_shot,half_point_size,0.14043478260869563,0.14855072463768115,0.15206289187721583,0.10434782608695652,0.10434782608695652,0.10380434782608695
gpt-4.1-nano-2025-04-14,few_shot,points_only,0.23482142857142857,0.2441964285714286,0.24323985415200394,0.08348214285714285,0.08482142857142858,0.09421645370977265
gpt-4.1-nano-2025-04-14,few_shot,random_colors,0.1011707227138643,0.10280235988200591,0.11699336978186549,0.09748340707964602,0.09911504424778761,0.1047911163979927
gpt-4.1-nano-2025-04-14,few_shot,x2_point_size,0.153719806763285,0.1536231884057971,0.15780300627584043,0.09565217391304348,0.09565217391304348,0.09565217391304348
gpt-4.1-nano-2025-04-14,few_shot,yaxis_only,0.15956521739130436,0.1565217391304348,0.16876843934473784,0.10434782608695652,0.10434782608695652,0.10434782608695652
gpt-4.1-nano-2025-04-14,one_shot,16_9,0.07420289855072464,0.0727536231884058,0.0757632339346236,0.015942028985507246,0.016231884057971015,0.020544681989628336
gpt-4.1-nano-2025-04-14,one_shot,21_9,0.04492753623188405,0.042608695652173914,0.04325828189435212,0.002898550724637681,0.0017391304347826088,0.006641415927721107
gpt-4.1-nano-2025-04-14,one_shot,3_4,0.06971971971971971,0.07612612612612613,0.08385665110639624,0.006006006006006006,0.007207207207207207,0.014224634514198647
gpt-4.1-nano-2025-04-14,one_shot,4_3,0.08593272171253823,0.10198776758409786,0.09717483030182142,0.012232415902140673,0.012844036697247705,0.015558559322211358
gpt-4.1-nano-2025-04-14,one_shot,9_16,0.04498525073746312,0.054129793510324486,0.07075386298792904,0.007374631268436577,0.007669616519174041,0.015030408327558399
gpt-4.1-nano-2025-04-14,one_shot,colors,0.08304093567251462,0.09576023391812866,0.09087057103190506,0.01812865497076023,0.01812865497076023,0.021691318928149707
gpt-4.1-nano-2025-04-14,one_shot,dark,0.060267857142857144,0.06577380952380953,0.06984587860781523,0.013392857142857142,0.014285714285714287,0.016142226933013825
gpt-4.1-nano-2025-04-14,one_shot,default,0.09195906432748539,0.09078947368421052,0.10943894319192707,0.021929824561403508,0.02280701754385965,0.02248404754532708
gpt-4.1-nano-2025-04-14,one_shot,full_opacity,0.09768115942028985,0.10884057971014494,0.09864130974679752,0.015217391304347827,0.01565217391304348,0.022319376641425533
gpt-4.1-nano-2025-04-14,one_shot,half_opacity,0.09014492753623189,0.10086956521739131,0.10600253391093102,0.013043478260869565,0.01391304347826087,0.015721125360848246
gpt-4.1-nano-2025-04-14,one_shot,half_point_size,0.06858407079646017,0.07787610619469028,0.08293937331279821,0.01327433628318584,0.014159292035398232,0.0158139906801657
gpt-4.1-nano-2025-04-14,one_shot,points_only,0.09121212121212122,0.11757575757575758,0.10827442407608032,0.0,0.0,0.0
gpt-4.1-nano-2025-04-14,one_shot,random_colors,0.05535714285714286,0.06190476190476191,0.07034605901156153,0.0,0.0,0.0
gpt-4.1-nano-2025-04-14,one_shot,x2_point_size,0.09926900584795322,0.10628654970760235,0.11166379448266057,0.014619883040935672,0.015789473684210527,0.02264357275433011
gpt-4.1-nano-2025-04-14,one_shot,yaxis_only,0.08830409356725145,0.09692982456140352,0.09725412203554522,0.0043859649122807015,0.0043859649122807015,0.007533948672445197
gpt-4.1-nano-2025-04-14,zero_shot,16_9,0.13626373626373628,0.13315018315018315,0.12355043239645906,0.04395604395604396,0.04395604395604396,0.04395604395604396
gpt-4.1-nano-2025-04-14,zero_shot,21_9,0.06701030927835051,0.06701030927835051,0.045180271581276174,0.010309278350515464,0.010309278350515464,0.010309278350515464
gpt-4.1-nano-2025-04-14,zero_shot,3_4,0.14574074074074075,0.14296296296296296,0.11281690001487732,0.011111111111111112,0.011111111111111112,0.011111111111111112
gpt-4.1-nano-2025-04-14,zero_shot,4_3,0.0639423076923077,0.06842948717948717,0.07266557503205079,0.014423076923076924,0.01282051282051282,0.016878451865452986
gpt-4.1-nano-2025-04-14,zero_shot,9_16,0.04862306368330464,0.05060240963855422,0.057762725525591745,0.018072289156626505,0.01646586345381526,0.028834355164723224
gpt-4.1-nano-2025-04-14,zero_shot,colors,0.06263157894736843,0.06228070175438597,0.05796179959648534,0.021052631578947368,0.021052631578947368,0.021052631578947368
gpt-4.1-nano-2025-04-14,zero_shot,dark,0.06538461538461539,0.06263736263736264,0.05782425993091458,0.02197802197802198,0.02197802197802198,0.01971065932577783
gpt-4.1-nano-2025-04-14,zero_shot,default,0.07938144329896907,0.07852233676975945,0.07650807469161515,0.020618556701030927,0.020618556701030927,0.020618556701030927
gpt-4.1-nano-2025-04-14,zero_shot,full_opacity,0.07877192982456141,0.0743859649122807,0.0936733415252284,0.010526315789473684,0.010526315789473684,0.010526315789473684
gpt-4.1-nano-2025-04-14,zero_shot,half_opacity,0.039473684210526314,0.037894736842105266,0.056264759992298324,0.013157894736842105,0.01263157894736842,0.01899004296252602
gpt-4.1-nano-2025-04-14,zero_shot,half_point_size,0.05301914580265095,0.05034364261168385,0.07835143865998258,0.01288659793814433,0.012371134020618556,0.018598495684948164
gpt-4.1-nano-2025-04-14,zero_shot,points_only,0.10056818181818182,0.09886363636363636,0.07868399132381786,0.011363636363636364,0.011363636363636364,0.011363636363636364
gpt-4.1-nano-2025-04-14,zero_shot,random_colors,0.04471947194719472,0.043069306930693066,0.06626530803076111,0.0033003300330033,0.0019801980198019802,0.007960931499405662
gpt-4.1-nano-2025-04-14,zero_shot,x2_point_size,0.08529635258358662,0.08404255319148937,0.09183925200015941,0.010638297872340425,0.010638297872340425,0.010638297872340425
gpt-4.1-nano-2025-04-14,zero_shot,yaxis_only,0.05585106382978723,0.05354609929078014,0.057189040361566745,0.013297872340425532,0.012411347517730497,0.018863395173498925
gpt-4o-2024-08-06,few_shot,16_9,0.39768115942028986,0.39492753623188404,0.3758111243662627,0.18652173913043477,0.18579710144927536,0.1891072340633558
gpt-4o-2024-08-06,few_shot,21_9,0.362463768115942,0.35666666666666663,0.31336571703786437,0.1391304347826087,0.1391304347826087,0.1370389715484951
gpt-4o-2024-08-06,few_shot,3_4,0.41884057971014493,0.4165217391304348,0.3942302108242892,0.2108695652173913,0.2108695652173913,0.210762671024903
gpt-4o-2024-08-06,few_shot,4_3,0.42819875776397515,0.4265217391304348,0.3818766518779423,0.1855072463768116,0.1855072463768116,0.18508514787839805
gpt-4o-2024-08-06,few_shot,9_16,0.41159420289855075,0.4079710144927536,0.3960445751314578,0.18478260869565216,0.18434782608695652,0.185314010537189
gpt-4o-2024-08-06,few_shot,colors,0.4215942028985507,0.4242028985507246,0.39409291385740475,0.1908695652173913,0.19057971014492756,0.20184623935948248
gpt-4o-2024-08-06,few_shot,dark,0.3481159420289855,0.34579710144927533,0.3288455105346182,0.19304347826086957,0.19202898550724637,0.21703861234844596
gpt-4o-2024-08-06,few_shot,default,0.4111594202898551,0.4073913043478261,0.3853610201590303,0.2108695652173913,0.20971014492753623,0.2227884888648987
gpt-4o-2024-08-06,few_shot,full_opacity,0.3960869565217391,0.393768115942029,0.37506021226661795,0.22304347826086957,0.22333333333333333,0.2380285561948583
gpt-4o-2024-08-06,few_shot,half_opacity,0.3756521739130435,0.37478260869565216,0.35264314309410427,0.19695652173913042,0.19710144927536233,0.2096446768961091
gpt-4o-2024-08-06,few_shot,half_point_size,0.40304347826086956,0.40144927536231884,0.3732253319111423,0.20434782608695654,0.20478260869565218,0.21642165097637453
gpt-4o-2024-08-06,few_shot,points_only,0.4355072463768116,0.4318840579710145,0.38504321030948474,0.15869565217391304,0.15826086956521737,0.15788177614626678
gpt-4o-2024-08-06,few_shot,random_colors,0.4,0.3982608695652174,0.374479138419248,0.2108695652173913,0.21173913043478262,0.2234285527381344
gpt-4o-2024-08-06,few_shot,x2_point_size,0.3814492753623188,0.37753623188405794,0.3597556673530219,0.21159420289855072,0.21115942028985504,0.2233016114304031
gpt-4o-2024-08-06,few_shot,yaxis_only,0.4365217391304348,0.4346376811594203,0.38141482386036196,0.1826086956521739,0.1826086956521739,0.18439347018366276
gpt-4o-2024-08-06,one_shot,16_9,0.19956521739130434,0.21159420289855072,0.19490576360536657,0.05420289855072464,0.05855072463768116,0.06377046859782676
gpt-4o-2024-08-06,one_shot,21_9,0.22043478260869567,0.22811594202898552,0.19678359135337498,0.06521739130434782,0.06956521739130435,0.0677921554316645
gpt-4o-2024-08-06,one_shot,3_4,0.2926086956521739,0.29927536231884055,0.26191855573135875,0.06811594202898551,0.06927536231884059,0.08188967221025108
gpt-4o-2024-08-06,one_shot,4_3,0.28884057971014493,0.2955072463768116,0.2727179540499397,0.0817391304347826,0.08260869565217391,0.10274985864542534
gpt-4o-2024-08-06,one_shot,9_16,0.3155072463768116,0.32333333333333336,0.3133165290390236,0.0744927536231884,0.0744927536231884,0.08497689262680386
gpt-4o-2024-08-06,one_shot,colors,0.24985507246376812,0.2791304347826087,0.2680959406538286,0.09695652173913044,0.09695652173913044,0.1123299405194711
gpt-4o-2024-08-06,one_shot,dark,0.2717391304347826,0.2791304347826087,0.2447275547877602,0.058260869565217394,0.058840579710144926,0.0653744581816853
gpt-4o-2024-08-06,one_shot,default,0.2989855072463768,0.30710144927536226,0.27208510434281996,0.08695652173913043,0.08695652173913043,0.09501247181408647
gpt-4o-2024-08-06,one_shot,full_opacity,0.297536231884058,0.30710144927536237,0.26083830966465715,0.07565217391304348,0.0753623188405797,0.0939657639766085
gpt-4o-2024-08-06,one_shot,half_opacity,0.3085507246376812,0.31115942028985505,0.28482803356820263,0.07391304347826087,0.07391304347826087,0.08750671709793201
gpt-4o-2024-08-06,one_shot,half_point_size,0.3001449275362319,0.3059420289855072,0.27063230611275935,0.08521739130434783,0.08521739130434783,0.08956722608510999
gpt-4o-2024-08-06,one_shot,points_only,0.3171014492753623,0.3144927536231884,0.2730078640191451,0.09304347826086956,0.09304347826086956,0.0963721285695615
gpt-4o-2024-08-06,one_shot,random_colors,0.3391304347826087,0.3556521739130435,0.2974536700784296,0.10318840579710145,0.10869565217391304,0.12149363462475764
gpt-4o-2024-08-06,one_shot,x2_point_size,0.2910144927536232,0.296231884057971,0.25890154277068983,0.08260869565217391,0.08260869565217391,0.09471264040988425
gpt-4o-2024-08-06,one_shot,yaxis_only,0.3257971014492754,0.3291304347826087,0.3045538384845291,0.0963768115942029,0.0963768115942029,0.10459418815115223
gpt-4o-2024-08-06,zero_shot,16_9,0.15116959064327487,0.17178362573099415,0.1654114108859447,0.05263157894736842,0.05263157894736842,0.05263157894736842
gpt-4o-2024-08-06,zero_shot,21_9,0.15855072463768116,0.1791304347826087,0.16896030773287235,0.04782608695652174,0.04782608695652174,0.05042158209759256
gpt-4o-2024-08-06,zero_shot,3_4,0.17045548654244305,0.1671014492753623,0.17789058711217798,0.05652173913043478,0.05652173913043478,0.05885481938071873
gpt-4o-2024-08-06,zero_shot,4_3,0.21333333333333332,0.24144927536231883,0.20287859068400618,0.043478260869565216,0.043478260869565216,0.043478260869565216
gpt-4o-2024-08-06,zero_shot,9_16,0.1455072463768116,0.15391304347826087,0.16992717592612558,0.03695652173913044,0.036521739130434785,0.04158236202986344
gpt-4o-2024-08-06,zero_shot,colors,0.17594202898550726,0.23782608695652174,0.21774308379145638,0.060434782608695656,0.08695652173913043,0.07849296538726143
gpt-4o-2024-08-06,zero_shot,dark,0.14797101449275363,0.15608695652173912,0.15880400624828064,0.05289855072463768,0.05289855072463768,0.06357399743536245
gpt-4o-2024-08-06,zero_shot,default,0.18739130434782608,0.2082608695652174,0.20353597229805548,0.05942028985507246,0.06521739130434782,0.07251969472221706
gpt-4o-2024-08-06,zero_shot,full_opacity,0.18405797101449275,0.20405797101449274,0.17906432730564173,0.0463768115942029,0.05217391304347826,0.05073676575785098
gpt-4o-2024-08-06,zero_shot,half_opacity,0.16420289855072465,0.17492753623188406,0.17511976473573326,0.05420289855072464,0.06086956521739131,0.07119385781495467
gpt-4o-2024-08-06,zero_shot,half_point_size,0.19,0.20956521739130435,0.20539975356364595,0.05289855072463768,0.06521739130434782,0.07097151590430219
gpt-4o-2024-08-06,zero_shot,points_only,0.12695652173913044,0.16869565217391302,0.145755781557249,0.010869565217391304,0.010434782608695651,0.014221600864244543
gpt-4o-2024-08-06,zero_shot,random_colors,0.192463768115942,0.20420289855072465,0.198997829357783,0.05971014492753623,0.05942028985507246,0.07037670197694199
gpt-4o-2024-08-06,zero_shot,x2_point_size,0.18306182121971598,0.21578947368421053,0.19955653971747347,0.04365079365079365,0.06286549707602339,0.0637422219703072
gpt-4o-2024-08-06,zero_shot,yaxis_only,0.11405797101449276,0.1372463768115942,0.15236007804455964,0.04043478260869565,0.053623188405797106,0.0546002429464589
gpt-4o-mini-2024-07-18,few_shot,16_9,0.11304347826086956,0.11304347826086956,0.10369985259097556,0.09565217391304348,0.09565217391304348,0.09442461469899054
gpt-4o-mini-2024-07-18,few_shot,21_9,0.09782608695652174,0.09782608695652174,0.09617334707923557,0.08695652173913043,0.08695652173913043,0.08695652173913043
gpt-4o-mini-2024-07-18,few_shot,3_4,0.11594202898550725,0.11594202898550725,0.10639879703521729,0.08695652173913043,0.08695652173913043,0.08695652173913043
gpt-4o-mini-2024-07-18,few_shot,4_3,0.13043478260869565,0.13043478260869565,0.1260570184044216,0.12173913043478261,0.12173913043478261,0.1207686678222988
gpt-4o-mini-2024-07-18,few_shot,9_16,0.08333333333333334,0.08333333333333334,0.08789313409639442,0.0782608695652174,0.0782608695652174,0.0782608695652174
gpt-4o-mini-2024-07-18,few_shot,colors,0.14347826086956522,0.1426086956521739,0.14009763728017394,0.12173913043478261,0.12173913043478261,0.12125520913497262
gpt-4o-mini-2024-07-18,few_shot,dark,0.13260869565217392,0.13217391304347825,0.1272563286449598,0.11304347826086956,0.11304347826086956,0.11255955696105957
gpt-4o-mini-2024-07-18,few_shot,default,0.14130434782608695,0.14057971014492754,0.13515619506006654,0.12173913043478261,0.12173913043478261,0.12125520913497262
gpt-4o-mini-2024-07-18,few_shot,full_opacity,0.14521739130434783,0.143768115942029,0.14787117035492606,0.12347826086956522,0.12318840579710144,0.1281345890915912
gpt-4o-mini-2024-07-18,few_shot,half_opacity,0.14782608695652175,0.14782608695652175,0.1360673038855843,0.12173913043478261,0.12173913043478261,0.12125520913497262
gpt-4o-mini-2024-07-18,few_shot,half_point_size,0.13623188405797101,0.1336231884057971,0.12763805959535682,0.10434782608695652,0.10434782608695652,0.10386390478714652
gpt-4o-mini-2024-07-18,few_shot,points_only,0.1517391304347826,0.14840579710144927,0.13666366338729857,0.08695652173913043,0.08695652173913043,0.08695652173913043
gpt-4o-mini-2024-07-18,few_shot,random_colors,0.10217391304347827,0.10144927536231883,0.10417849395586097,0.08043478260869565,0.07971014492753623,0.08514024952183599
gpt-4o-mini-2024-07-18,few_shot,x2_point_size,0.12608695652173912,0.12608695652173912,0.12260545025701108,0.10434782608695652,0.10434782608695652,0.10386390478714652
gpt-4o-mini-2024-07-18,few_shot,yaxis_only,0.1391304347826087,0.1391304347826087,0.12845138259555983,0.12173913043478261,0.12173913043478261,0.11971606482630191
gpt-4o-mini-2024-07-18,one_shot,16_9,0.08217391304347825,0.07913043478260869,0.06966531881387683,0.03695652173913044,0.036231884057971016,0.04133609947950943
gpt-4o-mini-2024-07-18,one_shot,21_9,0.06521739130434782,0.06956521739130435,0.04952307317567908,0.017391304347826087,0.017391304347826087,0.017391304347826087
gpt-4o-mini-2024-07-18,one_shot,3_4,0.03695652173913044,0.036231884057971016,0.03146105693734211,0.017391304347826087,0.017391304347826087,0.017391304347826087
gpt-4o-mini-2024-07-18,one_shot,4_3,0.0782608695652174,0.076231884057971,0.07013439095538596,0.034782608695652174,0.034782608695652174,0.034782608695652174
gpt-4o-mini-2024-07-18,one_shot,9_16,0.007246376811594202,0.0052173913043478265,0.013718494643335757,0.0,0.0,0.0
gpt-4o-mini-2024-07-18,one_shot,colors,0.03536231884057971,0.03971014492753623,0.03896280060643735,0.008695652173913044,0.008695652173913044,0.008695652173913044
gpt-4o-mini-2024-07-18,one_shot,dark,0.04521739130434783,0.04884057971014493,0.05091445234374724,0.017391304347826087,0.022608695652173914,0.022622603609942005
gpt-4o-mini-2024-07-18,one_shot,default,0.06739130434782609,0.06579710144927536,0.06408303129500237,0.034782608695652174,0.034782608695652174,0.03462935617004616
gpt-4o-mini-2024-07-18,one_shot,full_opacity,0.06956521739130435,0.06753623188405797,0.059889438446017275,0.02608695652173913,0.02608695652173913,0.025933703996133112
gpt-4o-mini-2024-07-18,one_shot,half_opacity,0.03840579710144927,0.03681159420289855,0.036791224194609604,0.012318840579710146,0.011594202898550727,0.02271749610486238
gpt-4o-mini-2024-07-18,one_shot,half_point_size,0.0782608695652174,0.076231884057971,0.07539411187171936,0.04565217391304348,0.04492753623188405,0.04996075785678366
gpt-4o-mini-2024-07-18,one_shot,points_only,0.11797101449275361,0.13028985507246377,0.1118496905202451,0.043478260869565216,0.043478260869565216,0.043478260869565216
gpt-4o-mini-2024-07-18,one_shot,random_colors,0.036521739130434785,0.03971014492753623,0.03585761794145557,0.010434782608695651,0.010144927536231885,0.015421779604925624
gpt-4o-mini-2024-07-18,one_shot,x2_point_size,0.05652173913043478,0.05608695652173913,0.04170016050338745,0.008695652173913044,0.008695652173913044,0.008695652173913044
gpt-4o-mini-2024-07-18,one_shot,yaxis_only,0.03579710144927536,0.03130434782608696,0.05184692559034928,0.017391304347826087,0.017391304347826087,0.017391304347826087
gpt-4o-mini-2024-07-18,zero_shot,16_9,0.00980392156862745,0.00980392156862745,0.005165022962233599,0.0,0.0,0.0
gpt-4o-mini-2024-07-18,zero_shot,21_9,0.009615384615384616,0.009615384615384616,0.009615384615384616,0.009615384615384616,0.009615384615384616,0.009615384615384616
gpt-4o-mini-2024-07-18,zero_shot,3_4,0.010437710437710437,0.009259259259259259,0.021042504695930865,0.0,0.0,0.0
gpt-4o-mini-2024-07-18,zero_shot,4_3,0.022727272727272728,0.022727272727272728,0.022727272727272728,0.022727272727272728,0.022727272727272728,0.022727272727272728
gpt-4o-mini-2024-07-18,zero_shot,9_16,0.01715686274509804,0.016666666666666666,0.025537532918593463,0.00980392156862745,0.00980392156862745,0.00980392156862745
gpt-4o-mini-2024-07-18,zero_shot,colors,0.004455445544554456,0.003630363036303631,0.01073293402643487,0.0,0.0,0.0
gpt-4o-mini-2024-07-18,zero_shot,dark,0.009848484848484848,0.007121212121212121,0.019368178736079822,0.0,0.0,0.0
gpt-4o-mini-2024-07-18,zero_shot,default,0.0025,0.002,0.0054201316833496094,0.0,0.0,0.0
gpt-4o-mini-2024-07-18,zero_shot,full_opacity,0.0024271844660194173,0.0019417475728155341,0.005262263770242339,0.0,0.0,0.0
gpt-4o-mini-2024-07-18,zero_shot,half_opacity,0.0024752475247524753,0.0019801980198019802,0.006129093689493614,0.0,0.0,0.0
gpt-4o-mini-2024-07-18,zero_shot,half_point_size,0.0024509803921568627,0.001633986928104575,0.005313854591519225,0.0,0.0,0.0
gpt-4o-mini-2024-07-18,zero_shot,points_only,0.0303834808259587,0.03421828908554572,0.04339917755759923,0.012831858407079646,0.012094395280235988,0.0230870700515477
gpt-4o-mini-2024-07-18,zero_shot,random_colors,0.007653061224489796,0.006802721088435374,0.01608981222522502,0.0,0.0,0.0
gpt-4o-mini-2024-07-18,zero_shot,x2_point_size,0.00673076923076923,0.00592948717948718,0.015273908583017496,0.0,0.0,0.0
gpt-4o-mini-2024-07-18,zero_shot,yaxis_only,0.006756756756756757,0.004804804804804805,0.013826700481208595,0.0,0.0,0.0
o3-2025-04-16,few_shot,16_9,0.3652173913043478,0.36318840579710143,0.35401537586813386,0.16521739130434782,0.16521739130434782,0.15436102644256924
o3-2025-04-16,few_shot,21_9,0.36333333333333334,0.36333333333333334,0.36016914300296615,0.1681159420289855,0.1681159420289855,0.1645248610040416
o3-2025-04-16,few_shot,3_4,0.5633333333333334,0.5628985507246377,0.5102883652500484,0.18768115942028984,0.18768115942028984,0.1994814183401025
o3-2025-04-16,few_shot,4_3,0.4955357142857143,0.4955357142857143,0.43492674703399337,0.20535714285714285,0.20535714285714285,0.20690188024725234
o3-2025-04-16,few_shot,9_16,0.5842028985507247,0.5817391304347826,0.5221072951088781,0.21507246376811595,0.21478260869565216,0.22104311144870262
o3-2025-04-16,few_shot,colors,0.5889380530973451,0.5933628318584071,0.5037581495127496,0.22153392330383478,0.22153392330383478,0.21884308372978614
o3-2025-04-16,few_shot,dark,0.5299707602339181,0.5305555555555556,0.4470586041260881,0.21271929824561403,0.21271929824561403,0.22270067127650245
o3-2025-04-16,few_shot,default,0.5410818713450292,0.5391812865497077,0.4929504892108036,0.20687134502923976,0.2064327485380117,0.21018236195831969
o3-2025-04-16,few_shot,full_opacity,0.5024853801169591,0.5024853801169591,0.4497152884016957,0.20058479532163742,0.20058479532163742,0.20841851255349947
o3-2025-04-16,few_shot,half_opacity,0.5459420289855073,0.5459420289855073,0.49210537931193477,0.21507246376811595,0.21507246376811595,0.23584498633509096
o3-2025-04-16,few_shot,half_point_size,0.5700292397660819,0.5685672514619883,0.510275263404637,0.2324561403508772,0.2324561403508772,0.22938828667004904
o3-2025-04-16,few_shot,points_only,0.4321739130434783,0.43043478260869567,0.39104990302652554,0.18768115942028984,0.18768115942028984,0.19091185124024102
o3-2025-04-16,few_shot,random_colors,0.5232367149758455,0.5243478260869565,0.4399684341921322,0.18961352657004832,0.19057971014492756,0.1998807694600976
o3-2025-04-16,few_shot,x2_point_size,0.519855072463768,0.5189855072463768,0.464901862066725,0.2,0.2,0.19455305286075758
o3-2025-04-16,few_shot,yaxis_only,0.42339181286549704,0.42002923976608186,0.3859148649792922,0.17982456140350878,0.1793859649122807,0.19447428824608787
o3-2025-04-16,one_shot,16_9,0.32072463768115944,0.35884057971014494,0.30124231218427855,0.1,0.10434782608695652,0.11555847136870674
o3-2025-04-16,one_shot,21_9,0.2723188405797101,0.31,0.24950380247572193,0.06811594202898551,0.07391304347826087,0.07256624957789545
o3-2025-04-16,one_shot,3_4,0.4551169590643275,0.47441520467836257,0.39503033245690383,0.09312865497076024,0.09751461988304094,0.1127944154697552
o3-2025-04-16,one_shot,4_3,0.3736842105263158,0.40906432748538013,0.3523773297406079,0.08845029239766082,0.08845029239766082,0.10670738471181769
o3-2025-04-16,one_shot,9_16,0.46550724637681157,0.4772463768115942,0.4222376136676125,0.09,0.08956521739130435,0.12624482564304185
o3-2025-04-16,one_shot,colors,0.412463768115942,0.4744927536231884,0.4126319959198219,0.11521739130434783,0.11521739130434783,0.140893537669942
o3-2025-04-16,one_shot,dark,0.34956521739130436,0.36,0.3123304992482282,0.0963768115942029,0.09666666666666666,0.11546928632086602
o3-2025-04-16,one_shot,default,0.4010233918128655,0.4388888888888889,0.36335368724594336,0.10190058479532164,0.10847953216374269,0.135747334674785
o3-2025-04-16,one_shot,full_opacity,0.3347826086956522,0.3630434782608696,0.3397320359081462,0.09231884057971015,0.09231884057971015,0.113569074091704
o3-2025-04-16,one_shot,half_opacity,0.3682748538011696,0.38084795321637427,0.32972544998104814,0.0807017543859649,0.0807017543859649,0.09941704649674266
o3-2025-04-16,one_shot,half_point_size,0.431981981981982,0.43948948948948946,0.393237375953534,0.09159159159159158,0.09159159159159158,0.09605227128879444
o3-2025-04-16,one_shot,points_only,0.34681159420289853,0.3663768115942029,0.3172070494596509,0.13840579710144926,0.14492753623188406,0.14438002938809602
o3-2025-04-16,one_shot,random_colors,0.2942028985507247,0.3291304347826087,0.2897460621336232,0.04956521739130435,0.0536231884057971,0.0809856565102287
o3-2025-04-16,one_shot,x2_point_size,0.38507246376811594,0.4172463768115942,0.366708696320437,0.0908695652173913,0.10101449275362319,0.12037331746972126
o3-2025-04-16,one_shot,yaxis_only,0.2727536231884058,0.2901449275362319,0.2630161393898121,0.08985507246376812,0.08985507246376812,0.08436727886614592
o3-2025-04-16,zero_shot,16_9,0.2635416666666667,0.296875,0.2668218013963529,0.05357142857142857,0.05357142857142857,0.059083381933825355
o3-2025-04-16,zero_shot,21_9,0.19970501474926253,0.2336283185840708,0.18615578651252399,0.030973451327433628,0.035398230088495575,0.03395163168949363
o3-2025-04-16,zero_shot,3_4,0.36651515151515146,0.4165151515151515,0.37634905901822174,0.08712121212121213,0.0984848484848485,0.09548872492530129
o3-2025-04-16,zero_shot,4_3,0.27839506172839507,0.303858024691358,0.27279527733723324,0.06327160493827161,0.06327160493827161,0.08473094304402669
o3-2025-04-16,zero_shot,9_16,0.43124999999999997,0.4805059523809524,0.4068200655636333,0.11086309523809523,0.125,0.12339621090463229
o3-2025-04-16,zero_shot,colors,0.2654434250764526,0.32553516819571865,0.27384619200630655,0.05122324159021407,0.05581039755351681,0.07208826946556021
o3-2025-04-16,zero_shot,dark,0.30948012232415906,0.31269113149847094,0.29846268618872407,0.06880733944954129,0.06880733944954129,0.06685133483431754
o3-2025-04-16,zero_shot,default,0.3860119047619048,0.42797619047619045,0.38678616365151747,0.11815476190476192,0.12529761904761905,0.1465793028473854
o3-2025-04-16,zero_shot,full_opacity,0.32621212121212123,0.40560606060606064,0.3403489774375251,0.06363636363636363,0.08257575757575758,0.09035569483583623
o3-2025-04-16,zero_shot,half_opacity,0.30520050125313286,0.3286549707602339,0.31299300138887604,0.06505847953216373,0.06944444444444443,0.08344306130158274
o3-2025-04-16,zero_shot,half_point_size,0.3997076023391813,0.4307017543859649,0.3608972728252411,0.0868421052631579,0.08654970760233918,0.11223082505820091
o3-2025-04-16,zero_shot,points_only,0.35678466076696164,0.40324483775811204,0.336901099193061,0.051622418879056046,0.061946902654867256,0.05440213326859263
o3-2025-04-16,zero_shot,random_colors,0.2523595023595024,0.3036036036036036,0.27566377232382605,0.06306306306306306,0.06306306306306306,0.07909559612875586
o3-2025-04-16,zero_shot,x2_point_size,0.33734848484848484,0.3587878787878788,0.33510420900402643,0.07984848484848485,0.08666666666666667,0.1029894308610396
o3-2025-04-16,zero_shot,yaxis_only,0.20575221238938052,0.21755162241887904,0.18690773686476514,0.05309734513274336,0.05309734513274336,0.05092041787848008
o4-mini-2025-04-16,few_shot,16_9,0.35294985250737465,0.3526548672566372,0.32303985926957257,0.1504424778761062,0.1504424778761062,0.14661681652069092
o4-mini-2025-04-16,few_shot,21_9,0.35666666666666663,0.35768115942028983,0.3186182066150334,0.14782608695652175,0.14782608695652175,0.15229350587596063
o4-mini-2025-04-16,few_shot,3_4,0.5312052254530131,0.5358407079646017,0.46593462656029555,0.1920353982300885,0.1920353982300885,0.19696955448758285
o4-mini-2025-04-16,few_shot,4_3,0.38705357142857144,0.38675595238095234,0.35295220783778597,0.1800595238095238,0.1800595238095238,0.1849248276225158
o4-mini-2025-04-16,few_shot,9_16,0.4998511904761905,0.502827380952381,0.4424277308973528,0.1681547619047619,0.16964285714285715,0.18268374406865664
o4-mini-2025-04-16,few_shot,colors,0.48348484848484846,0.488030303030303,0.4332853626121174,0.2018181818181818,0.2018181818181818,0.20444634773514486
o4-mini-2025-04-16,few_shot,dark,0.41216216216216217,0.41786786786786784,0.3577753709511714,0.18318318318318316,0.18408408408408408,0.18548045108268213
o4-mini-2025-04-16,few_shot,default,0.48625730994152044,0.48742690058479526,0.43249212946111,0.19809941520467836,0.19809941520467836,0.20330554299187242
o4-mini-2025-04-16,few_shot,full_opacity,0.4562691131498471,0.45565749235474,0.4072223018615618,0.1819571865443425,0.1819571865443425,0.18326437145198157
o4-mini-2025-04-16,few_shot,half_opacity,0.4601190476190476,0.45922619047619045,0.41975048295266576,0.2294642857142857,0.2294642857142857,0.23656114403690612
o4-mini-2025-04-16,few_shot,half_point_size,0.46186186186186184,0.46186186186186184,0.41355577245488895,0.2135135135135135,0.2135135135135135,0.2084775255607055
o4-mini-2025-04-16,few_shot,points_only,0.4571637426900585,0.45672514619883037,0.41360948012586224,0.14619883040935674,0.14619883040935674,0.15199939253037437
o4-mini-2025-04-16,few_shot,random_colors,0.3985969387755102,0.41294642857142855,0.37994469915117535,0.14464285714285713,0.14464285714285713,0.15362533714090074
o4-mini-2025-04-16,few_shot,x2_point_size,0.47594202898550725,0.48000000000000004,0.43322283737901324,0.17420289855072463,0.17420289855072463,0.1808417522388956
o4-mini-2025-04-16,few_shot,yaxis_only,0.46312684365781714,0.46312684365781714,0.43895240589580703,0.19837758112094397,0.1986725663716814,0.2016945660641763
o4-mini-2025-04-16,one_shot,16_9,0.2906641604010025,0.3415204678362573,0.3119043381067744,0.08625730994152048,0.08625730994152048,0.08953963664540074
o4-mini-2025-04-16,one_shot,21_9,0.22669287898645696,0.2521406727828746,0.2243719021661566,0.0871559633027523,0.0871559633027523,0.08845598927331627
o4-mini-2025-04-16,one_shot,3_4,0.3454277286135693,0.3992625368731563,0.37163804713252024,0.10693215339233039,0.1172566371681416,0.1198768109346913
o4-mini-2025-04-16,one_shot,4_3,0.2870206489675516,0.30678466076696165,0.3008467341418815,0.10250737463126844,0.10693215339233039,0.11497197161733577
o4-mini-2025-04-16,one_shot,9_16,0.3923363095238095,0.4641369047619048,0.43249509665405467,0.13392857142857142,0.13988095238095238,0.13650857763631002
o4-mini-2025-04-16,one_shot,colors,0.4066066066066066,0.46966966966966966,0.44011505805515316,0.15405405405405406,0.17657657657657658,0.21223834004846065
o4-mini-2025-04-16,one_shot,dark,0.34985250737463125,0.3992625368731563,0.3487928125095227,0.10029498525073746,0.10471976401179942,0.10584800169531224
o4-mini-2025-04-16,one_shot,default,0.36852085967130216,0.41578171091445426,0.38920203207340914,0.1421828908554572,0.15103244837758112,0.16688328031945018
o4-mini-2025-04-16,one_shot,full_opacity,0.41605504587155967,0.4966360856269113,0.4243072838593696,0.11009174311926606,0.13302752293577982,0.12550021202192393
o4-mini-2025-04-16,one_shot,half_opacity,0.32967836257309946,0.37280701754385964,0.341792111682613,0.08333333333333333,0.10087719298245613,0.10332612824021724
o4-mini-2025-04-16,one_shot,half_point_size,0.37142857142857144,0.4251488095238095,0.3715064513630101,0.13169642857142858,0.14508928571428573,0.13763898025665963
o4-mini-2025-04-16,one_shot,points_only,0.31724637681159423,0.36869565217391304,0.31267906448979305,0.06811594202898551,0.06811594202898551,0.07418872999108356
o4-mini-2025-04-16,one_shot,random_colors,0.3718575718575719,0.4496996996996997,0.3944260532612557,0.0945945945945946,0.0945945945945946,0.09748957124916283
o4-mini-2025-04-16,one_shot,x2_point_size,0.3975535168195719,0.4824159021406728,0.4340989643462937,0.1521406727828746,0.17507645259938837,0.1694458657448445
o4-mini-2025-04-16,one_shot,yaxis_only,0.28878787878787876,0.3278787878787878,0.3006516645352046,0.09727272727272726,0.10181818181818181,0.10210654464634981
o4-mini-2025-04-16,zero_shot,16_9,0.25385802469135804,0.2986111111111111,0.2501317878012304,0.07098765432098765,0.08333333333333333,0.07397711277008057
o4-mini-2025-04-16,zero_shot,21_9,0.15939393939393937,0.20484848484848484,0.17148165811191907,0.04090909090909091,0.045454545454545456,0.0413937893780795
o4-mini-2025-04-16,zero_shot,3_4,0.3203333333333333,0.3928333333333333,0.332087325155735,0.10333333333333333,0.11333333333333334,0.11953091263771057
o4-mini-2025-04-16,zero_shot,4_3,0.28573717948717947,0.33493589743589747,0.285330479630293,0.07932692307692307,0.08653846153846154,0.08658061233850625
o4-mini-2025-04-16,zero_shot,9_16,0.3469387755102041,0.42993197278911566,0.36478107768256646,0.11224489795918367,0.12244897959183673,0.11663724086722549
o4-mini-2025-04-16,zero_shot,colors,0.3244648318042814,0.4117737003058104,0.3768881222159126,0.09938837920489298,0.11467889908256881,0.1178994561554095
o4-mini-2025-04-16,zero_shot,dark,0.3441269841269841,0.36476190476190473,0.336253844840186,0.11904761904761904,0.12380952380952381,0.11687566410927545
o4-mini-2025-04-16,zero_shot,default,0.33823260073260075,0.40384615384615385,0.3511007559987215,0.0673076923076923,0.07211538461538461,0.06843018302550682
o4-mini-2025-04-16,zero_shot,full_opacity,0.3339153439153439,0.4320634920634921,0.38362542986869813,0.07365079365079365,0.09476190476190476,0.09776792355946132
o4-mini-2025-04-16,zero_shot,half_opacity,0.24455128205128204,0.3030448717948718,0.25829402080331093,0.0532051282051282,0.05480769230769231,0.07601631260835208
o4-mini-2025-04-16,zero_shot,half_point_size,0.2814102564102564,0.35272435897435894,0.3066894870537978,0.055608974358974356,0.06282051282051282,0.06877212627575947
o4-mini-2025-04-16,zero_shot,points_only,0.18303571428571427,0.2526785714285714,0.2624928948602506,0.04538690476190476,0.05803571428571429,0.05794938813362803
o4-mini-2025-04-16,zero_shot,random_colors,0.32260792167334224,0.39454828660436136,0.3380425609532175,0.04906542056074766,0.056074766355140186,0.05829556857314065
o4-mini-2025-04-16,zero_shot,x2_point_size,0.3379796578825705,0.40679611650485437,0.3413506140600902,0.08414239482200647,0.10032362459546926,0.09248087649206513
o4-mini-2025-04-16,zero_shot,yaxis_only,0.24774774774774774,0.29204204204204204,0.25841854159180466,0.060810810810810814,0.060810810810810814,0.06586476596626076
